,Asset Turnover Ratio ,Current Ratio,Debt to Equity Ratio,Dividend Yield,Interest Coverage Ratio,Inventory Turnover Ratio ,Price to Earnings,Price-to-Book Ratio (P/B),Profit Margin,Quick Ratio ,Return on Assets (ROA),Return on Equity (ROE),Clusters
A,0.55,3.85,0.45,0.006840148698884759,8.56,3.73,48.03571428571429,48.03571428571429,0.3687150837988827,3.85,0.06177296430004011,0.11087113030957524,0
AAL,0.81,0.74,5.94,0.007702676680146351,5.34,16.27,10.796257796257796,10.796257796257796,0.21911078359125521,0.74,0.055272126407105236,0.4748890860692103,4
AAP,1.16,1.41,0.36,0.0027656141968195437,13.33,1.25,13.996774193548386,13.996774193548386,0.13252018197875223,1.41,0.05650234523911236,0.1867890084237973,2
AAPL,0.7,1.35,0.59,0.013952,43.15,58.64,18.802647412755714,18.802647412755714,3.1682720660507173,1.35,0.15030495576431677,0.3770087875928857,9
ABBV,0.43,1.65,7.86,0.02372528616024974,8.53,3.69,26.47382920110193,26.47382920110193,1.016737830913749,1.65,0.11221489161168709,1.508998732572877,4
ABT,0.44,4.02,1.0,0.018465909090909092,4.28,3.59,59.91489361702128,59.91489361702128,0.20983213429256595,4.02,0.03394186243848037,0.06600348875583424,0
ADM,1.56,1.6,0.38,0.027592550011496894,7.22,6.87,20.13425925925926,20.13425925925926,0.6254278728606357,1.6,0.03184998879398362,0.07145650595005308,5
ALB,0.3,2.9,0.56,0.008666003693706492,8.91,3.56,24.785211267605636,24.785211267605636,1.6918157828335927,2.9,0.06694478031961264,0.19778656043893914,0
ALK,0.72,0.81,0.9,0.01380348851800728,45.83,38.94,12.185015290519877,12.185015290519877,0.46943483275663206,0.81,0.12459819378539722,0.33761924512650354,9
AMAT,0.72,2.3,0.44,0.0071313959707612765,13.99,3.25,36.422077922077925,36.422077922077925,2.1013431013431014,2.3,0.11242487588189182,0.22606068566924997,2
AME,0.56,2.09,0.63,0.005249343832020997,8.35,5.12,31.315068493150687,31.315068493150687,1.1062444650841308,2.09,0.07684832988972966,0.1573630887235584,2
AOS,0.97,2.04,0.21,0.007793472966390647,64.36,6.61,33.29189189189189,33.29189189189189,0.495522841098801,2.04,0.12337048932552427,0.2263745406642169,7
APC,0.17,1.58,1.25,0.004080799836768007,-3.3,10.96,-8.306779661016948,-8.306779661016948,-2.1326388888888888,1.58,-0.06616538113500237,-0.23956626881972073,1
APD,0.54,1.31,0.69,0.021981584749059785,19.46,10.02,53.363321799307954,53.363321799307954,0.7375248334696739,1.31,0.03619086941811321,0.08706028417712788,5
APH,0.79,2.2,0.72,0.0066997805244310964,16.72,4.77,33.16858237547893,33.16858237547893,1.0309446254071661,2.2,0.11033197468625978,0.2540991199629458,2
ARNC,0.44,2.14,1.59,0.003312476996687523,1.83,4.32,-11.761904761904763,-11.761904761904763,-0.9989384288747346,2.14,-0.025797077610549113,-0.0781172173335547,1
AVGO,0.44,2.31,0.7,0.007943006878480183,-0.89,7.59,-50.25514403292181,-50.25514403292181,-2.1575682382133996,2.31,-0.16418051359516617,-0.36890114552397113,1
AVY,1.43,0.95,0.77,0.016046534951358944,8.96,8.79,28.166666666666664,28.166666666666664,0.2922095671981777,0.95,0.07758182741853545,0.3320907114010562,6
AYI,1.22,1.97,0.21,0.0032318210068365445,14.35,7.13,24.2684766214178,24.2684766214178,0.33823993270949426,1.97,0.10912483039348711,0.19381853235329558,2
BA,1.03,1.25,11.71,0.016468366383380548,19.2,1.79,34.78975032851511,34.78975032851511,1.3537057522123894,1.25,0.05184941954071689,0.7726913970007893,4
BAX,0.56,2.4,0.34,0.008020128951092938,56.66,3.99,7.057713651498336,7.057713651498336,1.8127053669222344,2.4,0.2367103694874851,0.561270630793579,7
BBY,2.88,1.48,0.28,0.020060899158158698,26.22,6.04,14.653543307086613,14.653543307086613,0.16271366105737378,1.48,0.09083512094089799,0.2804933759707629,6
BCR,0.72,2.09,0.98,0.003028834504482675,13.18,3.06,46.96443812233286,46.96443812233286,0.48225791814139213,2.09,0.10750773837221064,0.36514807943379374,2
BDX,0.48,1.45,1.38,0.012462823962611528,3.76,3.53,47.178173719376396,47.178173719376396,0.3247920133111481,1.45,0.03639075316927666,0.13623673925181462,2
BF.B,0.74,2.82,0.79,0.011768901569186876,33.37,0.94,21.486590038314176,21.486590038314176,0.6371428571428571,2.82,0.15993306239541,0.42829705505761845,0
BLL,0.7,1.23,2.13,0.006146572104018913,1.55,6.31,52.222222222222214,52.222222222222214,0.513671875,1.23,0.026899867034877775,0.2101814113322145,2
BMY,0.59,1.55,0.35,0.02375038807823657,36.42,3.55,24.30943396226415,24.30943396226415,0.9075544695581348,1.55,0.14038679601864684,0.3124211411748212,2
BWA,1.03,1.39,0.64,0.010153256704980842,3.25,10.46,94.9090909090909,94.9090909090909,0.14495412844036698,1.39,0.013402703161228298,0.03334552719700594,2
CAG,0.75,1.41,1.32,0.029489826010026542,2.95,4.52,-21.59872611464968,-21.59872611464968,0.4511325947357279,1.41,0.04774244619359849,0.1721510124946144,5
CAT,0.5,1.22,1.74,0.023447015834348352,2.46,3.09,-1194.1818181818182,-1194.1818181818182,-0.014297908664105847,1.22,-0.0008535358039160732,-0.00452427577824296,3
CBS,0.55,1.64,2.41,0.011201629327902241,6.43,5.9,20.96797153024911,20.96797153024911,0.5400428265524625,1.64,0.053061224489795916,0.22667625381988135,2
CCL,0.42,0.24,0.37,0.020491803278688527,13.68,28.78,17.709677419354836,17.709677419354836,1.264906690942194,0.24,0.07082600606570329,0.11690715577804889,9
CF,0.26,3.87,1.73,0.032441200324412,-0.13,8.62,-31.08403361344538,-31.08403361344538,-0.7847025495750708,3.87,-0.02174442063286469,-0.06864591593973038,0
CHD,0.81,0.76,0.35,0.015374621048072757,26.48,7.15,26.388571428571428,26.388571428571428,0.5297783933518005,0.76,0.107824943033663,0.22686832740213522,2
CLX,1.33,0.95,6.05,0.024105815136573533,12.17,7.64,25.96951219512195,25.96951219512195,0.49751596877217885,0.95,0.15515714918105356,2.3602693602693603,4
CMI,1.16,1.78,0.23,0.022586109542631284,28.97,4.85,21.51883353584447,21.51883353584447,0.6813294232649071,1.78,0.09211047971455003,0.18822576289495005,2
COG,0.22,2.78,0.59,0.003133568350959655,-6.47,36.11,-28.054945054945055,-28.054945054945055,-4.78122922445611,2.78,-0.07927252119434447,-0.20760824771002018,1
COL,0.7,1.49,0.67,0.009777777777777778,15.61,1.94,24.500907441016334,24.500907441016334,1.141065830721003,1.49,0.09852483421301936,0.38826666666666665,2
COO,0.44,1.74,0.41,0.00025493945188017844,12.29,1.9,42.10196779964222,42.10196779964222,0.3789675677021796,1.74,0.06140796886524489,0.1026864389211058,2
COP,0.26,1.25,0.75,0.01990049751243781,-3.44,14.62,-17.2680412371134,-17.2680412371134,-5.0,1.25,-0.03708300849370153,-0.0909159499019164,1
COTY,0.66,1.04,11.11,0.015772870662460567,2.23,3.11,36.02272727272727,36.02272727272727,-0.10399014778325123,1.04,-0.05946311371510662,-1.1721265963353693,4
CPB,1.0,0.75,1.52,0.026974113552316728,8.38,5.36,25.397790055248617,25.397790055248617,0.6796934865900384,0.75,0.11318106418272299,0.5816393442622951,5
CSCO,0.42,3.16,0.39,0.027445255474452552,20.11,12.86,16.23222748815166,16.23222748815166,0.8597119083832871,3.16,0.07898760398513793,0.1511181706664989,0
CSX,0.31,1.22,0.94,0.013206162876008802,5.73,8.51,30.12154696132597,30.12154696132597,0.542576764798987,1.22,0.048916921145009847,0.14709921043597665,2
CTAS,1.18,1.95,0.57,0.006898817345597898,12.13,11.67,24.508856682769725,24.508856682769725,0.3147271798766515,1.95,0.11712036347396558,0.26087735169665144,2
CVS,1.89,1.18,0.7,0.02222512746764283,9.01,10.34,15.61020408163265,15.61020408163265,0.2871105351260867,1.18,0.05677098348228109,0.142945478008388,6
CVX,0.44,0.93,0.24,0.03615981119352663,-9.75,13.54,-439.4074074074074,-439.4074074074074,-0.10610589239965841,0.93,-0.0018676978463226645,-0.003254406872888237,1
DE,0.46,2.13,3.64,0.018583042973286876,3.91,5.14,26.850311850311854,26.850311850311854,0.516278754615984,2.13,0.026297896720485405,0.22598392502298545,2
DG,1.81,1.72,0.55,0.010525056811386197,22.31,4.8,21.167088607594934,21.167088607594934,0.2651161036356035,1.72,0.11113392968572694,0.23264444922121671,6
DHR,0.36,0.97,0.42,0.006278224474061019,15.16,3.97,24.873972602739727,24.873972602739727,0.45531861783689337,0.97,0.052956936846514674,0.1077951735520445,2
DIS,0.62,1.01,0.38,0.014285714285714284,43.0,20.26,17.347294938917976,17.347294938917976,1.0727667352067627,1.01,0.10649565670998616,0.21091521617069062,9
DLPH,1.37,1.31,1.65,0.011978521272201567,10.13,10.86,21.098039215686274,21.098039215686274,1.0978165938864628,1.31,0.10498621899273365,0.5586666666666666,6
DOV,0.73,1.33,0.84,0.018114797261716692,6.05,5.17,29.215384615384615,29.215384615384615,0.28955069151299867,1.33,0.059037818093142465,0.139629998010742,2
DPS,0.69,2.6,2.09,0.02381219813545996,9.73,12.56,19.610132158590307,19.610132158590307,0.36367539716616576,2.6,0.09550118389897395,0.3879981676591846,0
DRI,1.31,0.69,0.23,0.02537151141718014,3.59,31.79,28.541379310344826,28.541379310344826,0.7636276697481671,0.69,0.10454763671278314,0.2454405737704918,9
DWDP,0.65,1.88,0.79,0.025849957853329587,6.14,5.29,20.22159090909091,20.22159090909091,1.3069007263922519,1.88,0.06347572986799165,0.17017419405690865,5
ECL,0.71,1.42,0.89,0.010692771084337348,6.78,5.1,32.077294685990346,32.077294685990346,0.28599339442712934,1.42,0.06595964960277229,0.17794758245415998,2
EL,1.29,1.58,0.53,0.010477941176470587,23.0,1.76,36.75675675675676,36.75675675675676,0.16722452804927032,1.58,0.13541790899135883,0.34967384305271704,2
EMN,0.58,1.6,1.39,0.021278991218194102,4.73,4.62,15.446956521739128,15.446956521739128,1.2147937411095306,1.6,0.05470501569406188,0.216696269982238,5
EMR,0.66,1.24,0.54,0.028884159318941924,12.24,5.41,26.103174603174605,26.103174603174605,0.47199769053117785,1.24,0.0740220934444042,0.20232644474693726,5
EOG,0.27,1.75,0.5,0.006918628665840562,-4.53,4.11,-48.909090909090914,-48.909090909090914,-0.45648650336115215,1.75,-0.04065527637117944,-0.08473174954715026,1
F,0.66,1.2,3.2,0.049586776859504134,8.56,14.7,10.521739130434783,10.521739130434783,0.3768448671695638,1.2,0.02043347782594198,0.1604636547727114,5
FBHS,1.0,1.71,0.6,0.00955223880597015,12.86,5.85,25.572519083969464,25.572519083969464,0.365696079299053,1.71,0.08469642930348871,0.16859112978905708,2
FDX,1.21,1.5,1.0,0.004443062158439597,9.15,34.86,34.572964669738866,34.572964669738866,0.13927874337763732,1.5,0.06506165335185829,0.2174260011607661,9
FL,2.02,3.72,0.05,0.0319693094629156,77.09,3.87,8.145833333333334,8.145833333333334,0.45108695652173914,3.72,0.17589403973509934,0.2600861731296514,7
FLIR,0.66,3.22,0.3,0.0110803324099723,16.27,2.34,36.1,36.1,0.516773923426427,3.22,0.06924285239361702,0.10101514687650612,0
FLR,2.26,1.47,0.49,0.019448946515397084,8.84,12.52,21.595,21.595,1.4727407849356005,1.47,0.03687358694338968,0.09388335751582984,6
FLS,0.81,1.98,0.9,0.016747465843984132,4.72,2.88,44.93069306930693,44.93069306930693,0.15027110124911688,1.98,0.028421681671679223,0.08704590582408278,2
FMC,0.53,1.98,0.92,0.006980433632998414,5.07,2.77,60.60897435897436,60.60897435897436,0.39490084985835694,1.98,0.033054585118323085,0.11207589644637402,2
FTV,0.81,1.7,1.25,0.001944174420219414,25.43,5.98,28.689243027888452,28.689243027888452,0.6221825962910128,1.7,0.12097467617119241,0.16841393956945652,2
GD,0.97,1.2,0.27,0.013887590012157487,43.74,7.29,22.464285714285715,22.464285714285715,1.5231958762886597,1.2,0.09235240803825359,0.2751909107841311,2
GE,0.29,1.93,1.39,0.039026437263953,2.8,3.9,26.775280898876403,26.775280898876403,0.480546335092779,1.93,0.017923976845574924,0.0898610008751043,5
GILD,0.56,2.22,1.39,0.02265730821327423,18.74,2.41,8.170020120724345,8.170020120724345,3.9732195409064155,2.22,0.2604409807287949,0.7284450199633107,2
GIS,0.76,0.79,1.43,0.034224187656219957,8.71,7.27,18.776173285198556,18.776173285198556,0.5916895726983901,0.79,0.07633921786268613,0.33619325788000487,5
GLW,0.33,3.29,0.23,0.017964071856287428,24.22,3.95,9.306501547987615,9.306501547987615,2.510190217391304,3.29,0.12943566749570884,0.1966680860123483,0
GM,0.8,0.89,1.27,0.03332602499451875,21.43,10.53,7.601666666666667,7.601666666666667,0.8050384286934245,0.89,0.0484628829940366,0.23643751097288757,5
GPC,1.8,1.4,0.17,0.029673925307457973,51.96,3.46,19.309368191721134,19.309368191721134,0.20387838851702236,1.4,0.08437806293141943,0.21840946021489452,6
GT,0.92,1.19,1.06,0.009133765468473777,4.24,4.31,7.160337552742615,7.160337552742615,0.48299579671379445,1.19,0.07689032179572967,0.3224489795918367,2
GWW,1.75,1.85,1.02,0.023242384870795437,16.36,4.27,21.05471124620061,21.05471124620061,0.20230913571013603,1.85,0.10344031117723428,0.2673250290960076,6
HAL,0.5,2.9,1.3,0.01661666282021694,-9.92,6.4,-6.476831091180866,-6.476831091180866,-25.276315789473685,2.9,-0.15600129933409126,-0.37272021730694604,8
HAS,1.02,2.0,0.64,0.020266829616050516,8.11,6.0,22.62442396313364,22.62442396313364,0.34903896856952765,2.0,0.11680005389011881,0.3313776893110291,2
HD,2.14,1.36,3.31,0.014440433212996389,12.99,5.09,29.932234432234434,29.932234432234434,0.46445248657483074,1.36,0.1870079202801476,1.2598163394553514,6
HES,0.15,1.9,0.46,0.02220741727737064,-10.4,8.43,-2.2605421686746987,-2.2605421686746987,-14.775903614457832,1.9,-0.17932446264073695,-0.3163107397090684,8
HLT,0.45,1.33,1.8,0.011824324324324323,3.13,8.24,67.65714285714286,67.65714285714286,0.564935064935065,1.33,0.013532431171255249,0.058145363408521306,2
HOG,0.6,1.35,2.43,0.02828282828282828,35.51,6.62,12.924281984334204,12.924281984334204,0.5685410110896727,1.35,0.06927759289780663,0.3762468377205714,5
HON,0.76,1.41,0.63,0.016855865153078776,20.07,6.18,23.443548387096772,23.443548387096772,0.8793198025233132,1.41,0.09751399140238462,0.263031231198381,2
HP,0.23,4.76,0.11,0.05307692307692307,-2.17,7.1,-96.29629629629629,-96.29629629629629,-0.38874561337501623,4.76,-0.007945736108943889,-0.011603584884548128,0
HPE,0.62,1.28,0.4,0.01566951566951567,8.07,17.88,7.7142857142857135,7.7142857142857135,0.4041682649277586,1.28,0.038895041220622616,0.09425972864171761,2
HRL,1.52,1.93,0.06,0.018867924528301886,103.34,7.44,18.74390243902439,18.74390243902439,1.0207322695401468,1.93,0.1449635991609541,0.2226132872859223,7
HRS,0.59,1.33,1.35,0.014627367805163462,4.34,5.19,52.79150579150579,52.79150579150579,0.5442913385826772,1.33,0.046098699566522176,0.18095549738219896,2
HSY,1.37,0.95,2.99,0.02201430930104568,12.96,5.72,32.64071856287425,32.64071856287425,0.36965066040215533,0.95,0.13472941904669417,0.7214891427529341,6
IBM,0.7,1.21,1.9,0.03393595360029617,20.57,26.82,13.091276252019385,13.091276252019385,0.5797158064358612,1.21,0.10744474813112025,0.8324218202215679,9
IFF,0.81,1.79,0.66,0.01596169193934557,10.88,2.91,29.77425742574258,29.77425742574258,0.715319378903049,1.79,0.10883676111541349,0.25468554087924555,2
INTC,0.55,1.75,0.31,0.02572347266881029,18.64,4.33,19.07075471698113,19.07075471698113,1.2285340002381804,1.75,0.10009217484111968,0.16887943030203814,5
IP,0.66,1.71,2.55,0.030578938326747983,2.38,6.49,26.70183486238532,26.70183486238532,0.3079019073569482,1.71,0.029555039722758036,0.23274974253347064,5
IR,0.79,1.55,0.56,0.014543899048230136,8.86,6.67,16.550442477876107,16.550442477876107,0.566353347400729,1.55,0.08819031232824336,0.2537865112520845,2
ITW,0.88,2.22,1.69,0.015480874669418821,13.27,7.3,27.198245614035088,27.198245614035088,0.8426501035196687,2.22,0.1293788543454765,0.38954823889739665,2
JCI,0.81,1.05,0.61,0.02787121576165305,6.13,10.23,-32.01538461538461,-32.01538461538461,-0.16300469483568075,1.05,-0.029252182118424157,-0.08365458750963763,5
JNJ,0.52,2.47,0.32,0.02212078651685393,28.28,2.68,24.013490725126477,24.013490725126477,0.8292805214339434,2.47,0.12397778294143662,0.23246661981728742,2
K,0.86,0.66,3.51,0.03319772172497966,3.28,6.64,31.352040816326532,31.352040816326532,0.20654761904761904,0.66,0.04546347854569276,0.32612781954887216,5
KHC,0.22,0.92,0.52,0.030634858558206236,5.43,6.38,27.298932384341633,27.298932384341633,1.0545876887340302,0.92,0.029534938563749766,0.06296264193464506,5
KLAC,0.61,3.86,4.44,0.019198818534244048,7.98,1.77,24.129175946547885,24.129175946547885,2.3786035712084166,3.86,0.1866173682581444,1.3438647306541442,0
KO,0.47,1.28,1.29,0.030185424752048294,12.1,5.9,31.127516778523493,31.127516778523493,0.6914927428753046,1.28,0.07244735995027361,0.25541989512405106,5
KR,3.41,0.76,1.42,0.019029495718363466,7.42,14.42,10.20388349514563,10.20388349514563,0.09845954434418465,0.76,0.05826474319261291,0.2895894428152493,6
KSU,0.27,0.87,0.56,0.012548721361346136,7.78,5.58,23.744920993227993,23.744920993227993,1.033953287197232,0.87,0.057319266275026974,0.12214188999310222,2
LEG,1.26,1.88,0.88,0.027391659852820934,13.55,5.57,17.72463768115942,17.72463768115942,0.9722782258064516,1.88,0.13000404367165386,0.355379513633014,5
LLY,0.57,1.37,0.6,0.023386449615957813,19.22,1.61,33.810077519379846,33.810077519379846,0.42430254184748917,1.37,0.07696611365546868,0.1878761675348116,5
LOW,1.87,1.01,1.51,0.01336831584207896,8.93,4.19,29.31868131868132,29.31868131868132,0.20444180051556612,1.01,0.098925350220687,0.4041024301019075,6
LRCX,0.54,3.81,0.57,0.00584396610499659,8.12,3.41,39.337164750957854,39.337164750957854,2.543522326344412,3.81,0.13834976377839825,0.28802410782766424,0
LUV,0.92,0.66,0.33,0.006400538992757285,48.29,18.93,16.72394366197183,16.72394366197183,0.3300970873786408,0.66,0.10529279279279279,0.3049741777656972,9
LYB,1.26,2.11,1.39,0.03365676167374166,17.25,5.9,10.836801752464401,10.836801752464401,4.605042016806722,2.11,0.16856351891725624,0.585648854961832,5
M,1.29,1.34,1.65,0.06565895134624468,5.62,2.99,6.574534161490683,6.574534161490683,0.07489413188142771,1.34,0.030083592534992223,0.1456470588235294,5
MCK,3.45,1.1,0.73,0.007162753680859531,10.21,12.11,15.544329896907218,15.544329896907218,0.679078489150817,1.1,0.08963456676626062,0.5681308830121022,6
MDLZ,0.42,0.59,0.53,0.017552413456850314,3.82,6.22,39.06666666666667,39.06666666666667,0.2536697247706422,0.59,0.02639912162054644,0.059224618020848205,5
MDT,0.28,3.29,0.58,0.01940260403369926,4.13,2.64,31.588709677419356,31.588709677419356,0.4147873545463907,3.29,0.04036800224489387,0.07736780439083418,0
MKC,0.96,1.0,0.65,0.017328228893814225,11.52,3.52,26.899728997289973,26.899728997289973,0.40195744680851064,1.0,0.10477394738009672,0.28278050532870314,2
MLM,0.54,1.99,0.36,0.007586972612879348,8.43,5.87,32.60331825037707,32.60331825037707,1.7152315477510534,1.99,0.06110347252666434,0.10484501454667704,2
MMM,0.92,1.89,1.04,0.020061449484908733,36.44,4.36,27.122549019607842,27.122549019607842,0.8263786614302078,1.89,0.1543492878537808,0.43132900580799455,2
MON,0.65,1.21,1.64,0.017683176422431435,5.57,1.93,40.852842809364546,40.852842809364546,0.7611990569215223,1.21,0.11451155249290636,0.4984561093956771,2
MOS,0.42,2.07,0.39,0.051377860812704346,2.72,4.3,25.188235294117646,25.188235294117646,0.9789612097304405,2.07,0.01710275435896258,0.03124278730145408,5
MPC,1.45,1.46,0.78,0.023656288050095668,4.39,9.13,26.013574660633484,26.013574660633484,0.7314641744548287,1.46,0.027229502493331788,0.0886907909647201,5
MRK,0.4,1.78,0.61,0.028960551033187225,7.72,2.9,45.304964539007095,45.304964539007095,0.40155705797992214,1.78,0.03851482132856483,0.087742859700958,5
MRO,0.15,1.64,0.38,0.014357501794687725,-2.26,7.8,-5.337164750957855,-5.337164750957855,-4.421487603305785,1.64,-0.06623131441304819,-0.11534522718697784,1
MSFT,0.46,2.35,0.57,0.017637355665524677,16.89,12.72,37.528571428571425,37.528571428571425,1.059140859140859,2.35,0.10947164083554473,0.29451227134463936,2
NBL,0.15,1.32,0.75,0.01440922190201729,-4.4,10.62,-11.965517241379311,-11.965517241379311,-2.183807439824945,1.32,-0.041246487022648375,-0.09623915139826422,1
NEM,0.29,2.67,0.38,0.003440063508864779,0.22,2.53,-32.02542372881356,-32.02542372881356,-2.6909871244635193,2.67,-0.024898737193233263,-0.05524229074889868,1
NOC,0.97,1.22,1.34,0.011880515953835708,10.71,23.08,24.167350287120595,24.167350287120595,0.8513931888544891,1.22,0.08996483192933671,0.398406374501992,9
NOV,0.3,2.58,0.19,0.017893810501613375,-23.98,1.84,-5.318252730109204,-5.318252730109204,-1.8026905829596414,2.58,-0.09025257249766136,-0.14722578282365867,1
NSC,0.28,0.98,0.77,0.017777777777777778,5.59,11.53,23.62099644128114,23.62099644128114,0.6080933284724754,0.98,0.04868651488616462,0.13685592385953396,5
NTAP,0.57,1.76,0.52,0.01615798922800718,8.04,17.78,57.87012987012987,57.87012987012987,0.26733193277310924,1.76,0.05071236425226661,0.17667476570635196,2
NUE,1.1,2.72,0.47,0.025,8.17,6.13,24.193548387096776,24.193548387096776,1.3343214452687089,2.72,0.05587710210780765,0.10735932288491196,0
OMC,0.68,0.91,2.28,0.029176279006649476,10.25,11.27,15.416317991631798,15.416317991631798,2.587519711646767,0.91,0.05194769953009176,0.46835752732017616,5
ORCL,0.33,3.74,0.85,0.012182741116751269,8.8,28.44,23.79227053140097,23.79227053140097,0.9959458017710445,3.74,0.08321447673382064,0.19740320159022182,0
PCAR,0.81,2.35,0.89,0.012813667912439935,9.89,17.74,50.62162162162162,50.62162162162162,0.37991552577920185,2.35,0.024713640110280533,0.07516857817993199,2
PDCO,1.67,2.11,0.7,0.022860045720091444,7.03,6.89,20.612565445026178,20.612565445026178,0.16862183253755172,2.11,0.04853806119284118,0.11853197442545359,6
PEP,0.87,1.28,2.67,0.02652092106442075,7.37,10.37,25.598623853211006,25.598623853211006,0.2558722458055387,1.28,0.09084645528011828,0.5308227795018032,5
PFE,0.31,1.25,0.53,0.032948929159802305,8.04,1.72,31.12820512820513,31.12820512820513,0.486284289276808,1.25,0.04308491580078825,0.11148022249690977,5
PG,0.51,1.1,0.34,0.030141643059490086,24.09,6.47,23.9159891598916,23.9159891598916,0.8253985351141749,1.1,0.12054807450289454,0.267278212797126,5
PH,0.93,2.2,0.58,0.013658536585365854,9.17,7.13,31.32427843803056,31.32427843803056,0.6763796180709591,2.2,0.08156534545247644,0.21494146227915165,2
PKI,0.5,1.97,0.49,0.003903527115572285,6.88,4.12,33.83490566037736,33.83490566037736,0.3899231966183213,1.97,0.05623677632044778,0.11101897660252051,2
PNR,0.42,1.82,1.01,0.018828157931712802,4.78,3.65,24.971929824561403,24.971929824561403,0.5332380271622588,1.82,0.04404149447583706,0.1302634204749551,2
PPG,0.9,1.52,0.78,0.013247282608695652,7.62,4.96,35.90243902439025,35.90243902439025,0.23948661933369744,1.52,0.05135863199812603,0.1759983945414409,2
PSX,1.71,1.34,0.43,0.026982378854625552,7.48,20.14,31.095890410958905,31.095890410958905,0.9493284493284493,1.34,0.03200905722519556,0.06731601731601732,6
PVH,0.74,1.84,0.67,0.0011690437222352116,6.53,2.99,18.622641509433965,18.622641509433965,0.15096103610416037,1.84,0.05132567966792566,0.12059837884146475,2
PX,0.56,1.16,1.78,0.020958502165711893,12.77,10.84,27.47408829174664,27.47408829174664,1.3100436681222707,1.16,0.08188219880997871,0.3417634996582365,5
PXD,0.24,2.1,0.26,0.0005526770293609672,-3.63,13.77,-43.33832335329342,-43.33832335329342,-1.7107692307692308,2.1,-0.03668998284281378,-0.06644359464627152,1
QCOM,0.46,3.14,0.31,0.038831218762014605,24.01,6.4,13.653543307086615,13.653543307086615,0.927765237020316,3.14,0.0470979201283447,0.07760085593807037,0
RCL,0.39,0.17,0.89,0.014166183414795792,5.18,42.61,20.355817875210793,20.355817875210793,1.1664088558470949,0.17,0.061341979475529294,0.15916926607945217,9
RL,1.2,2.55,0.23,0.022131238242779683,27.29,2.97,19.560606060606062,19.560606060606062,-0.031529815202895786,2.55,-0.015982617093191695,-0.026522435897435897,2
RMD,0.68,2.22,0.52,0.015189873417721518,40.22,3.28,31.726907630522085,31.726907630522085,0.617876844871906,2.22,0.10502940377761447,0.20195759931226182,2
ROK,0.87,2.11,0.76,0.015384615384615384,14.23,6.41,33.90287769784173,33.90287769784173,0.4972740902276135,2.11,0.11393195621965119,0.32333392414037576,2
ROST,2.49,1.48,0.16,0.007317452903627587,122.28,6.14,25.58964143426295,25.58964143426295,0.5912236935095493,1.48,0.22953926572753716,0.45212705062437525,7
RRC,0.12,0.4,0.7,0.0042417815482502655,-3.77,29.74,-6.858181818181818,-6.858181818181818,-2.556763515998529,0.4,-0.07556313877430405,-0.1889321068045388,1
RTN,0.81,1.66,0.53,0.015510852302805718,14.06,27.74,25.38978494623656,25.38978494623656,1.0394922425952045,1.66,0.07550971619821728,0.21830568720379148,9
SBUX,1.59,1.04,0.54,0.014660069635330768,52.64,6.34,28.72105263157895,28.72105263157895,0.37949332650944795,1.04,0.22639220318011263,0.4843073221038157,7
SEE,0.92,1.05,6.46,0.013489606368863335,3.83,6.43,18.382113821138212,18.382113821138212,0.3031473979432845,1.05,0.06549959601400485,0.9227850502750902,4
SHW,1.89,1.28,0.64,0.008622016936104695,11.35,5.69,32.502085070892406,32.502085070892406,0.2715140192382047,1.28,0.1955682592191966,1.3050926939429204,6
SLB,0.38,1.59,0.4,0.03167062549485353,-2.34,6.04,-50.92741935483871,-50.92741935483871,-4.186104218362283,1.59,-0.024806999485331962,-0.047343754384980216,1
SNA,0.74,1.9,0.27,0.015863102672995254,16.35,3.35,17.40434782608696,17.40434782608696,0.518356892135471,1.9,0.12177672780761774,0.22646827206034734,2
STX,1.23,1.57,2.59,0.06954779622209503,2.42,9.18,42.609756097560975,42.609756097560975,1.273927392739274,1.57,0.09355307804168686,0.48462021343377276,5
STZ,0.41,1.31,1.04,0.0058698224852071,5.78,1.96,40.78185328185329,40.78185328185329,1.102484918126975,1.31,0.09048629531388153,0.234023416061955,2
SWK,0.74,1.71,0.6,0.01411441418935798,7.3,4.75,24.596006144393243,24.596006144393243,0.3709838585703305,1.71,0.06362252262346513,0.16609883680914034,2
SYY,2.9,2.27,2.11,0.022408453270176716,5.68,15.5,33.46951219512195,33.46951219512195,0.13434358661275847,2.27,0.06832414732286061,0.32834244547086916,6
TAP,0.23,0.69,1.0,0.0196996996996997,12.18,7.43,8.990280777537798,8.990280777537798,1.23009400485588,0.69,0.16095240422602902,0.280548061905438,5
TEL,0.64,1.56,0.44,0.015824573301684186,10.15,5.11,16.262867647058822,16.262867647058822,1.3732057416267942,1.56,0.09748641304347826,0.2095983307250913,2
TIF,0.8,4.81,0.27,0.01671250264438333,15.49,0.7,26.334261838440113,26.334261838440113,0.25216211633033747,4.81,0.08696414995028949,0.15322525245586316,0
TJX,2.74,1.54,0.4,0.011235955056179775,61.7,6.37,21.64864864864865,21.64864864864865,0.39841330460935287,1.54,0.19985543696663902,0.5335950732225466,7
TMO,0.42,1.44,0.71,0.003095017022593624,5.31,4.71,38.08644400785855,38.08644400785855,0.40631845495287283,1.44,0.04944606128787694,0.09469700518027935,2
TSN,1.63,1.77,0.65,0.008386916410399776,11.43,11.47,15.792494481236204,15.792494481236204,0.9484978540772532,1.77,0.07685619892192662,0.18243731297079765,6
TWX,0.45,1.39,0.92,0.01581066483354611,4.74,8.59,20.530241935483872,20.530241935483872,0.7663478430607066,1.39,0.061489788247086834,0.1662221093187688,2
TXN,0.82,3.29,0.28,0.017230510611472995,60.4,2.95,27.35057471264368,27.35057471264368,2.0345217883418223,3.29,0.2215033887861984,0.3614518399356525,7
TXT,0.92,1.85,0.6,0.0014886490509862299,6.03,2.63,15.223796033994336,15.223796033994336,0.7377300613496932,1.85,0.06540658145227088,0.19379532634971797,2
UHS,0.97,1.28,0.89,0.0035445281346920695,11.66,8.54,15.805322128851541,15.805322128851541,0.14999592129073425,1.28,0.07290852826824847,0.16528643437913784,2
UNP,0.36,0.99,0.71,0.01991326666076644,10.69,6.72,22.28599605522682,22.28599605522682,0.8911578947368421,0.99,0.07752747252747252,0.20447299777799247,5
UTX,0.65,1.3,0.79,0.02166542627966592,7.14,4.92,19.75980392156863,19.75980392156863,0.8341584158415841,1.3,0.05778199442183714,0.18477227867534177,5
VFC,1.24,2.4,0.41,0.023049111178065684,15.94,3.9,26.133858267716533,26.133858267716533,0.2531001711203031,2.4,0.11142707817446099,0.19946858197033968,2
VLO,1.67,2.02,0.39,0.03095176683002321,8.13,11.96,15.696356275303645,15.696356275303645,3.2013986013986013,2.02,0.05162032338813342,0.11151166755979929,6
VMC,0.43,3.05,0.43,0.00657840638105419,5.08,7.48,39.355987055016186,39.355987055016186,1.331776650390811,3.05,0.05053114857415988,0.09417900636434744,0
VZ,0.52,0.87,4.68,0.0462346052897234,5.8,41.91,15.429906542056075,15.429906542056075,0.415819316418005,0.87,0.053658436886854156,0.7990625760896031,9
WHR,1.09,0.96,0.81,0.021374547846103254,5.64,6.5,15.86608695652174,15.86608695652174,0.42610364683301344,0.96,0.046712256706996316,0.18722327640733713,5
WMT,2.39,0.93,0.55,0.02241537053979872,9.49,8.06,19.133479212253828,19.133479212253828,0.13394794458680648,0.93,0.06835821045089463,0.1693814714573039,6
WRK,0.59,1.79,0.56,0.02478110028085247,1.95,6.34,-38.80128205128205,-38.80128205128205,-0.22644420318838923,1.79,-0.015628943715295305,-0.0340119123225596,1
WY,0.4,1.34,0.75,0.035147392290249435,2.17,10.64,25.38129496402878,25.38129496402878,2.4394299287410925,1.34,0.08225212237706231,0.21092626822756214,5
WYN,0.57,0.89,7.4,0.01834862385321101,7.91,8.96,19.710669077757686,19.710669077757686,0.3959818535320804,0.89,0.0628859613009469,0.6431578947368422,4
XEC,0.25,1.86,0.63,0.0034088972217487645,-9.61,10.34,-26.789954337899545,-26.789954337899545,-4.379511094854913,1.86,-0.08220970589817149,-0.15407384266523882,1
XLNX,0.46,4.14,0.38,0.01718165442704725,12.48,3.28,35.20487804878049,35.20487804878049,1.8574130986125614,4.14,0.129067411075823,0.24036205356746398,0
XOM,0.68,0.87,0.17,0.035856094332811936,18.59,10.04,44.20744680851064,44.20744680851064,0.7259931475136586,0.87,0.023280812927977953,0.04589868334006592,5
XRAY,0.47,2.44,0.19,0.005012936610608021,13.28,4.07,31.87628865979382,31.87628865979382,0.28227183191070254,2.44,0.09764019169183948,0.18387510692899914,2
XRX,0.5,1.5,1.1,0.03714799281006591,4.14,7.3,-17.03061224489796,-17.03061224489796,-0.17699443413729127,1.5,-0.019220695490994078,-0.05256777606347807,5
XYL,0.68,1.49,0.96,0.009652810213295967,5.86,4.84,44.296551724137935,44.296551724137935,0.28415300546448086,1.49,0.0558299334335409,0.12476007677543186,2
ZBH,0.29,1.96,1.1,0.007846342460155292,2.12,1.13,81.02649006622516,81.02649006622516,0.10429949878959392,1.96,0.011238266683811239,0.03093680154532307,2
ZTS,0.63,3.03,3.0,0.005762814680012132,8.4,1.12,39.96363636363636,39.96363636363636,0.6019061583577713,3.03,0.10375331732591937,0.7687265917602997,0
